person_P001	person.arg2	"N002"
person_P001	person.arg3	"A002"
person_P002	person.arg2	"N003"
person_P002	person.arg3	"A003"
person_P003	person.arg2	"N004"
person_P003	person.arg3	"A004"
person_P004	person.arg2	"N005"
person_P004	person.arg3	"A005"
person_P005	person.arg2	"N006"
person_P005	person.arg3	"A006"
person_P006	person.arg2	"N007"
person_P006	person.arg3	"A007"
person_P007	person.arg2	"N008"
person_P007	person.arg3	"A008"
person_P008	person.arg2	"N009"
person_P008	person.arg3	"A009"
person_P009	person.arg2	"N010"
person_P009	person.arg3	"A010"
person_P010	person.arg2	"N011"
person_P010	person.arg3	"A011"
person_P011	person.arg2	"N012"
person_P011	person.arg3	"A012"
person_P012	person.arg2	"N013"
person_P012	person.arg3	"A013"
person_P013	person.arg2	"N014"
person_P013	person.arg3	"A014"
person_P014	person.arg2	"N015"
person_P014	person.arg3	"A015"
person_P015	person.arg2	"N016"
person_P015	person.arg3	"A016"
person_P016	person.arg2	"N017"
person_P016	person.arg3	"A017"
person_P017	person.arg2	"N018"
person_P017	person.arg3	"A018"
person_P018	person.arg2	"N019"
person_P018	person.arg3	"A019"
person_P019	person.arg2	"N020"
person_P019	person.arg3	"A020"
person_P020	person.arg2	"N021"
person_P020	person.arg3	"A001"
person_P021	person.arg2	"N022"
person_P021	person.arg3	"A002"
person_P022	person.arg2	"N023"
person_P022	person.arg3	"A003"
person_P023	person.arg2	"N024"
person_P023	person.arg3	"A004"
person_P024	person.arg2	"N025"
person_P024	person.arg3	"A005"
person_P025	person.arg2	"N026"
person_P025	person.arg3	"A006"
person_P026	person.arg2	"N027"
person_P026	person.arg3	"A007"
person_P027	person.arg2	"N028"
person_P027	person.arg3	"A008"
person_P028	person.arg2	"N029"
person_P028	person.arg3	"A009"
person_P029	person.arg2	"N030"
person_P029	person.arg3	"A010"
person_P030	person.arg2	"N001"
person_P030	person.arg3	"A011"
person_P031	person.arg2	"N002"
person_P031	person.arg3	"A012"
person_P032	person.arg2	"N003"
person_P032	person.arg3	"A013"
person_P033	person.arg2	"N004"
person_P033	person.arg3	"A014"
person_P034	person.arg2	"N005"
person_P034	person.arg3	"A015"
person_P035	person.arg2	"N006"
person_P035	person.arg3	"A016"
person_P036	person.arg2	"N007"
person_P036	person.arg3	"A017"
person_P037	person.arg2	"N008"
person_P037	person.arg3	"A018"
person_P038	person.arg2	"N009"
person_P038	person.arg3	"A019"
person_P039	person.arg2	"N010"
person_P039	person.arg3	"A020"
person_P040	person.arg2	"N011"
person_P040	person.arg3	"A001"
person_P041	person.arg2	"N012"
person_P041	person.arg3	"A002"
person_P042	person.arg2	"N013"
person_P042	person.arg3	"A003"
person_P043	person.arg2	"N014"
person_P043	person.arg3	"A004"
person_P044	person.arg2	"N015"
person_P044	person.arg3	"A005"
person_P045	person.arg2	"N016"
person_P045	person.arg3	"A006"
person_P046	person.arg2	"N017"
person_P046	person.arg3	"A007"
person_P047	person.arg2	"N018"
person_P047	person.arg3	"A008"
person_P048	person.arg2	"N019"
person_P048	person.arg3	"A009"
person_P049	person.arg2	"N020"
person_P049	person.arg3	"A010"
person_P050	person.arg2	"N021"
person_P050	person.arg3	"A011"
person_P051	person.arg2	"N022"
person_P051	person.arg3	"A012"
person_P052	person.arg2	"N023"
person_P052	person.arg3	"A013"
person_P053	person.arg2	"N024"
person_P053	person.arg3	"A014"
person_P054	person.arg2	"N025"
person_P054	person.arg3	"A015"
person_P055	person.arg2	"N026"
person_P055	person.arg3	"A016"
person_P056	person.arg2	"N027"
person_P056	person.arg3	"A017"
person_P057	person.arg2	"N028"
person_P057	person.arg3	"A018"
person_P058	person.arg2	"N029"
person_P058	person.arg3	"A019"
person_P059	person.arg2	"N030"
person_P059	person.arg3	"A020"
person_P060	person.arg2	"N001"
person_P060	person.arg3	"A001"
person_P061	person.arg2	"N002"
person_P061	person.arg3	"A999"
person_P062	person.arg2	"N003"
person_P062	person.arg3	"A999"
person_P063	person.arg2	"N004"
person_P063	person.arg3	"A999"
person_P064	person.arg2	"N005"
person_P064	person.arg3	"A999"
person_P065	person.arg2	"N006"
person_P065	person.arg3	"A999"
person_P066	person.arg2	"N007"
person_P066	person.arg3	"A999"
person_P067	person.arg2	"N008"
person_P067	person.arg3	"A999"
person_P068	person.arg2	"N009"
person_P068	person.arg3	"A999"
person_P069	person.arg2	"N010"
person_P069	person.arg3	"A999"
person_P070	person.arg2	"N011"
person_P070	person.arg3	"A999"
person_P071	person.arg2	"N012"
person_P071	person.arg3	"A999"
person_P072	person.arg2	"N013"
person_P072	person.arg3	"A999"
person_P073	person.arg2	"N014"
person_P073	person.arg3	"A999"
person_P074	person.arg2	"N015"
person_P074	person.arg3	"A999"
person_P075	person.arg2	"N016"
person_P075	person.arg3	"A999"
person_P076	person.arg2	"N017"
person_P076	person.arg3	"A999"
person_P077	person.arg2	"N018"
person_P077	person.arg3	"A999"
person_P078	person.arg2	"N019"
person_P078	person.arg3	"A999"
person_P079	person.arg2	"N020"
person_P079	person.arg3	"A999"
person_P080	person.arg2	"N021"
person_P080	person.arg3	"A999"
person_P081	person.arg2	"N022"
person_P082	person.arg2	"N023"
person_P083	person.arg2	"N024"
person_P084	person.arg2	"N025"
person_P085	person.arg2	"N026"
person_P086	person.arg2	"N027"
person_P087	person.arg2	"N028"
person_P088	person.arg2	"N029"
person_P089	person.arg2	"N030"
person_P090	person.arg2	"N001"
person_age_A001	person_age.arg2	"value_A001"
person_age_A002	person_age.arg2	"value_A002"
person_age_A003	person_age.arg2	"value_A003"
person_age_A004	person_age.arg2	"value_A004"
person_age_A005	person_age.arg2	"value_A005"
person_age_A006	person_age.arg2	"value_A006"
person_age_A007	person_age.arg2	"value_A007"
person_age_A008	person_age.arg2	"value_A008"
person_age_A009	person_age.arg2	"value_A009"
person_age_A010	person_age.arg2	"value_A010"
person_age_A011	person_age.arg2	"value_A011"
person_age_A012	person_age.arg2	"value_A012"
person_age_A013	person_age.arg2	"value_A013"
person_age_A014	person_age.arg2	"value_A014"
person_age_A015	person_age.arg2	"value_A015"
person_age_A016	person_age.arg2	"value_A016"
person_age_A017	person_age.arg2	"value_A017"
person_age_A018	person_age.arg2	"value_A018"
person_age_A019	person_age.arg2	"value_A019"
person_age_A020	person_age.arg2	"value_A020"
person_name_N001	person_name.arg2	"value_N001"
person_name_N002	person_name.arg2	"value_N002"
person_name_N003	person_name.arg2	"value_N003"
person_name_N004	person_name.arg2	"value_N004"
person_name_N005	person_name.arg2	"value_N005"
person_name_N006	person_name.arg2	"value_N006"
person_name_N007	person_name.arg2	"value_N007"
person_name_N008	person_name.arg2	"value_N008"
person_name_N009	person_name.arg2	"value_N009"
person_name_N010	person_name.arg2	"value_N010"
person_name_N011	person_name.arg2	"value_N011"
person_name_N012	person_name.arg2	"value_N012"
person_name_N013	person_name.arg2	"value_N013"
person_name_N014	person_name.arg2	"value_N014"
person_name_N015	person_name.arg2	"value_N015"
person_name_N016	person_name.arg2	"value_N016"
person_name_N017	person_name.arg2	"value_N017"
person_name_N018	person_name.arg2	"value_N018"
person_name_N019	person_name.arg2	"value_N019"
person_name_N020	person_name.arg2	"value_N020"
person_name_N021	person_name.arg2	"value_N021"
person_name_N022	person_name.arg2	"value_N022"
person_name_N023	person_name.arg2	"value_N023"
person_name_N024	person_name.arg2	"value_N024"
person_name_N025	person_name.arg2	"value_N025"
person_name_N026	person_name.arg2	"value_N026"
person_name_N027	person_name.arg2	"value_N027"
person_name_N028	person_name.arg2	"value_N028"
person_name_N029	person_name.arg2	"value_N029"
person_name_N030	person_name.arg2	"value_N030"
