course_names_CN001	course_names.arg2	"Course_1"
course_names_CN002	course_names.arg2	"Course_2"
course_names_CN003	course_names.arg2	"Course_3"
course_names_CN004	course_names.arg2	"Course_4"
course_names_CN005	course_names.arg2	"Course_5"
course_names_CN006	course_names.arg2	"Course_6"
course_names_CN007	course_names.arg2	"Course_7"
course_names_CN008	course_names.arg2	"Course_8"
course_names_CN009	course_names.arg2	"Course_9"
course_names_CN010	course_names.arg2	"Course_10"
course_names_CN011	course_names.arg2	"Course_11"
course_names_CN012	course_names.arg2	"Course_12"
course_names_CN013	course_names.arg2	"Course_13"
course_names_CN014	course_names.arg2	"Course_14"
course_names_CN015	course_names.arg2	"Course_15"
course_names_CN016	course_names.arg2	"Course_16"
course_names_CN017	course_names.arg2	"Course_17"
course_names_CN018	course_names.arg2	"Course_18"
course_names_CN019	course_names.arg2	"Course_19"
course_names_CN020	course_names.arg2	"Course_20"
course_names_CN021	course_names.arg2	"Course_21"
course_names_CN022	course_names.arg2	"Course_22"
course_names_CN023	course_names.arg2	"Course_23"
course_names_CN024	course_names.arg2	"Course_24"
course_names_CN025	course_names.arg2	"Course_25"
course_names_CN026	course_names.arg2	"Course_26"
course_names_CN027	course_names.arg2	"Course_27"
course_names_CN028	course_names.arg2	"Course_28"
course_names_CN029	course_names.arg2	"Course_29"
course_names_CN030	course_names.arg2	"Course_30"
course_names_CN031	course_names.arg2	"Course_31"
course_names_CN032	course_names.arg2	"Course_32"
course_names_CN033	course_names.arg2	"Course_33"
course_names_CN034	course_names.arg2	"Course_34"
course_names_CN035	course_names.arg2	"Course_35"
course_names_CN036	course_names.arg2	"Course_36"
course_names_CN037	course_names.arg2	"Course_37"
course_names_CN038	course_names.arg2	"Course_38"
course_names_CN039	course_names.arg2	"Course_39"
course_names_CN040	course_names.arg2	"Course_40"
course_names_CN041	course_names.arg2	"Course_41"
course_names_CN042	course_names.arg2	"Course_42"
course_names_CN043	course_names.arg2	"Course_43"
course_names_CN044	course_names.arg2	"Course_44"
course_names_CN045	course_names.arg2	"Course_45"
course_names_CN046	course_names.arg2	"Course_46"
course_names_CN047	course_names.arg2	"Course_47"
course_names_CN048	course_names.arg2	"Course_48"
course_names_CN049	course_names.arg2	"Course_49"
course_names_CN050	course_names.arg2	"Course_50"
courses_C001	courses.arg2	course_names_C001
courses_C001	courses.arg3	professors_C001
courses_C002	courses.arg2	course_names_C002
courses_C002	courses.arg3	professors_C002
courses_C003	courses.arg2	course_names_C003
courses_C003	courses.arg3	professors_C003
courses_C004	courses.arg2	course_names_C004
courses_C004	courses.arg3	professors_C004
courses_C005	courses.arg2	course_names_C005
courses_C005	courses.arg3	professors_C005
courses_C006	courses.arg2	course_names_C006
courses_C006	courses.arg3	professors_C006
courses_C007	courses.arg2	course_names_C007
courses_C007	courses.arg3	professors_C007
courses_C008	courses.arg2	course_names_C008
courses_C008	courses.arg3	professors_C008
courses_C009	courses.arg2	course_names_C009
courses_C009	courses.arg3	professors_C009
courses_C010	courses.arg2	course_names_C010
courses_C010	courses.arg3	professors_C010
courses_C011	courses.arg2	course_names_C011
courses_C011	courses.arg3	professors_C011
courses_C012	courses.arg2	course_names_C012
courses_C012	courses.arg3	professors_C012
courses_C013	courses.arg2	course_names_C013
courses_C013	courses.arg3	professors_C013
courses_C014	courses.arg2	course_names_C014
courses_C014	courses.arg3	professors_C014
courses_C015	courses.arg2	course_names_C015
courses_C015	courses.arg3	professors_C015
courses_C016	courses.arg2	course_names_C016
courses_C016	courses.arg3	professors_C016
courses_C017	courses.arg2	course_names_C017
courses_C017	courses.arg3	professors_C017
courses_C018	courses.arg2	course_names_C018
courses_C018	courses.arg3	professors_C018
courses_C019	courses.arg2	course_names_C019
courses_C019	courses.arg3	professors_C019
courses_C020	courses.arg2	course_names_C020
courses_C020	courses.arg3	professors_C020
courses_C021	courses.arg2	course_names_C021
courses_C021	courses.arg3	professors_C021
courses_C022	courses.arg2	course_names_C022
courses_C022	courses.arg3	professors_C022
courses_C023	courses.arg2	course_names_C023
courses_C023	courses.arg3	professors_C023
courses_C024	courses.arg2	course_names_C024
courses_C024	courses.arg3	professors_C024
courses_C025	courses.arg2	course_names_C025
courses_C025	courses.arg3	professors_C025
courses_C026	courses.arg2	course_names_C026
courses_C026	courses.arg3	professors_C026
courses_C027	courses.arg2	course_names_C027
courses_C027	courses.arg3	professors_C027
courses_C028	courses.arg2	course_names_C028
courses_C028	courses.arg3	professors_C028
courses_C029	courses.arg2	course_names_C029
courses_C029	courses.arg3	professors_C029
courses_C030	courses.arg2	course_names_C030
courses_C030	courses.arg3	professors_C030
courses_C031	courses.arg2	course_names_C031
courses_C031	courses.arg3	professors_C031
courses_C032	courses.arg2	course_names_C032
courses_C032	courses.arg3	professors_C032
courses_C033	courses.arg2	course_names_C033
courses_C033	courses.arg3	professors_C033
courses_C034	courses.arg2	course_names_C034
courses_C034	courses.arg3	professors_C034
courses_C035	courses.arg2	course_names_C035
courses_C035	courses.arg3	professors_C035
courses_C036	courses.arg2	course_names_C036
courses_C036	courses.arg3	professors_C036
courses_C037	courses.arg2	course_names_C037
courses_C037	courses.arg3	professors_C037
courses_C038	courses.arg2	course_names_C038
courses_C038	courses.arg3	professors_C038
courses_C039	courses.arg2	course_names_C039
courses_C039	courses.arg3	professors_C039
courses_C040	courses.arg2	course_names_C040
courses_C040	courses.arg3	professors_C040
courses_C041	courses.arg2	course_names_C041
courses_C041	courses.arg3	professors_C041
courses_C042	courses.arg2	course_names_C042
courses_C042	courses.arg3	professors_C042
courses_C043	courses.arg2	course_names_C043
courses_C043	courses.arg3	professors_C043
courses_C044	courses.arg2	course_names_C044
courses_C044	courses.arg3	professors_C044
courses_C045	courses.arg2	course_names_C045
courses_C045	courses.arg3	professors_C045
courses_C046	courses.arg2	course_names_C046
courses_C046	courses.arg3	professors_C046
courses_C047	courses.arg2	course_names_C047
courses_C047	courses.arg3	professors_C047
courses_C048	courses.arg2	course_names_C048
courses_C048	courses.arg3	professors_C048
courses_C049	courses.arg2	course_names_C049
courses_C049	courses.arg3	professors_C049
courses_C050	courses.arg2	course_names_C050
courses_C050	courses.arg3	professors_C050
departments_DEPT001	departments.arg2	"Department_1"
departments_DEPT002	departments.arg2	"Department_2"
departments_DEPT003	departments.arg2	"Department_3"
departments_DEPT004	departments.arg2	"Department_4"
departments_DEPT005	departments.arg2	"Department_5"
professor_names_PN001	professor_names.arg2	"Professor_1"
professor_names_PN002	professor_names.arg2	"Professor_2"
professor_names_PN003	professor_names.arg2	"Professor_3"
professor_names_PN004	professor_names.arg2	"Professor_4"
professor_names_PN005	professor_names.arg2	"Professor_5"
professor_names_PN006	professor_names.arg2	"Professor_6"
professor_names_PN007	professor_names.arg2	"Professor_7"
professor_names_PN008	professor_names.arg2	"Professor_8"
professor_names_PN009	professor_names.arg2	"Professor_9"
professor_names_PN010	professor_names.arg2	"Professor_10"
professor_names_PN011	professor_names.arg2	"Professor_11"
professor_names_PN012	professor_names.arg2	"Professor_12"
professor_names_PN013	professor_names.arg2	"Professor_13"
professor_names_PN014	professor_names.arg2	"Professor_14"
professor_names_PN015	professor_names.arg2	"Professor_15"
professor_names_PN016	professor_names.arg2	"Professor_16"
professor_names_PN017	professor_names.arg2	"Professor_17"
professor_names_PN018	professor_names.arg2	"Professor_18"
professor_names_PN019	professor_names.arg2	"Professor_19"
professor_names_PN020	professor_names.arg2	"Professor_20"
professors_P001	professors.arg2	professor_names_P001
professors_P001	professors.arg3	departments_P001
professors_P002	professors.arg2	professor_names_P002
professors_P002	professors.arg3	departments_P002
professors_P003	professors.arg2	professor_names_P003
professors_P003	professors.arg3	departments_P003
professors_P004	professors.arg2	professor_names_P004
professors_P004	professors.arg3	departments_P004
professors_P005	professors.arg2	professor_names_P005
professors_P005	professors.arg3	departments_P005
professors_P006	professors.arg2	professor_names_P006
professors_P006	professors.arg3	departments_P006
professors_P007	professors.arg2	professor_names_P007
professors_P007	professors.arg3	departments_P007
professors_P008	professors.arg2	professor_names_P008
professors_P008	professors.arg3	departments_P008
professors_P009	professors.arg2	professor_names_P009
professors_P009	professors.arg3	departments_P009
professors_P010	professors.arg2	professor_names_P010
professors_P010	professors.arg3	departments_P010
professors_P011	professors.arg2	professor_names_P011
professors_P011	professors.arg3	departments_P011
professors_P012	professors.arg2	professor_names_P012
professors_P012	professors.arg3	departments_P012
professors_P013	professors.arg2	professor_names_P013
professors_P013	professors.arg3	departments_P013
professors_P014	professors.arg2	professor_names_P014
professors_P014	professors.arg3	departments_P014
professors_P015	professors.arg2	professor_names_P015
professors_P015	professors.arg3	departments_P015
professors_P016	professors.arg2	professor_names_P016
professors_P016	professors.arg3	departments_P016
professors_P017	professors.arg2	professor_names_P017
professors_P017	professors.arg3	departments_P017
professors_P018	professors.arg2	professor_names_P018
professors_P018	professors.arg3	departments_P018
professors_P019	professors.arg2	professor_names_P019
professors_P019	professors.arg3	departments_P019
professors_P020	professors.arg2	professor_names_P020
professors_P020	professors.arg3	departments_P020
student_names_SN001	student_names.arg2	"Student_1"
student_names_SN002	student_names.arg2	"Student_2"
student_names_SN003	student_names.arg2	"Student_3"
student_names_SN004	student_names.arg2	"Student_4"
student_names_SN005	student_names.arg2	"Student_5"
student_names_SN006	student_names.arg2	"Student_6"
student_names_SN007	student_names.arg2	"Student_7"
student_names_SN008	student_names.arg2	"Student_8"
student_names_SN009	student_names.arg2	"Student_9"
student_names_SN010	student_names.arg2	"Student_10"
student_names_SN011	student_names.arg2	"Student_11"
student_names_SN012	student_names.arg2	"Student_12"
student_names_SN013	student_names.arg2	"Student_13"
student_names_SN014	student_names.arg2	"Student_14"
student_names_SN015	student_names.arg2	"Student_15"
student_names_SN016	student_names.arg2	"Student_16"
student_names_SN017	student_names.arg2	"Student_17"
student_names_SN018	student_names.arg2	"Student_18"
student_names_SN019	student_names.arg2	"Student_19"
student_names_SN020	student_names.arg2	"Student_20"
student_names_SN021	student_names.arg2	"Student_21"
student_names_SN022	student_names.arg2	"Student_22"
student_names_SN023	student_names.arg2	"Student_23"
student_names_SN024	student_names.arg2	"Student_24"
student_names_SN025	student_names.arg2	"Student_25"
student_names_SN026	student_names.arg2	"Student_26"
student_names_SN027	student_names.arg2	"Student_27"
student_names_SN028	student_names.arg2	"Student_28"
student_names_SN029	student_names.arg2	"Student_29"
student_names_SN030	student_names.arg2	"Student_30"
student_names_SN031	student_names.arg2	"Student_31"
student_names_SN032	student_names.arg2	"Student_32"
student_names_SN033	student_names.arg2	"Student_33"
student_names_SN034	student_names.arg2	"Student_34"
student_names_SN035	student_names.arg2	"Student_35"
student_names_SN036	student_names.arg2	"Student_36"
student_names_SN037	student_names.arg2	"Student_37"
student_names_SN038	student_names.arg2	"Student_38"
student_names_SN039	student_names.arg2	"Student_39"
student_names_SN040	student_names.arg2	"Student_40"
student_names_SN041	student_names.arg2	"Student_41"
student_names_SN042	student_names.arg2	"Student_42"
student_names_SN043	student_names.arg2	"Student_43"
student_names_SN044	student_names.arg2	"Student_44"
student_names_SN045	student_names.arg2	"Student_45"
student_names_SN046	student_names.arg2	"Student_46"
student_names_SN047	student_names.arg2	"Student_47"
student_names_SN048	student_names.arg2	"Student_48"
student_names_SN049	student_names.arg2	"Student_49"
student_names_SN050	student_names.arg2	"Student_50"
student_names_SN051	student_names.arg2	"Student_51"
student_names_SN052	student_names.arg2	"Student_52"
student_names_SN053	student_names.arg2	"Student_53"
student_names_SN054	student_names.arg2	"Student_54"
student_names_SN055	student_names.arg2	"Student_55"
student_names_SN056	student_names.arg2	"Student_56"
student_names_SN057	student_names.arg2	"Student_57"
student_names_SN058	student_names.arg2	"Student_58"
student_names_SN059	student_names.arg2	"Student_59"
student_names_SN060	student_names.arg2	"Student_60"
student_names_SN061	student_names.arg2	"Student_61"
student_names_SN062	student_names.arg2	"Student_62"
student_names_SN063	student_names.arg2	"Student_63"
student_names_SN064	student_names.arg2	"Student_64"
student_names_SN065	student_names.arg2	"Student_65"
student_names_SN066	student_names.arg2	"Student_66"
student_names_SN067	student_names.arg2	"Student_67"
student_names_SN068	student_names.arg2	"Student_68"
student_names_SN069	student_names.arg2	"Student_69"
student_names_SN070	student_names.arg2	"Student_70"
student_names_SN071	student_names.arg2	"Student_71"
student_names_SN072	student_names.arg2	"Student_72"
student_names_SN073	student_names.arg2	"Student_73"
student_names_SN074	student_names.arg2	"Student_74"
student_names_SN075	student_names.arg2	"Student_75"
student_names_SN076	student_names.arg2	"Student_76"
student_names_SN077	student_names.arg2	"Student_77"
student_names_SN078	student_names.arg2	"Student_78"
student_names_SN079	student_names.arg2	"Student_79"
student_names_SN080	student_names.arg2	"Student_80"
student_names_SN081	student_names.arg2	"Student_81"
student_names_SN082	student_names.arg2	"Student_82"
student_names_SN083	student_names.arg2	"Student_83"
student_names_SN084	student_names.arg2	"Student_84"
student_names_SN085	student_names.arg2	"Student_85"
student_names_SN086	student_names.arg2	"Student_86"
student_names_SN087	student_names.arg2	"Student_87"
student_names_SN088	student_names.arg2	"Student_88"
student_names_SN089	student_names.arg2	"Student_89"
student_names_SN090	student_names.arg2	"Student_90"
student_names_SN091	student_names.arg2	"Student_91"
student_names_SN092	student_names.arg2	"Student_92"
student_names_SN093	student_names.arg2	"Student_93"
student_names_SN094	student_names.arg2	"Student_94"
student_names_SN095	student_names.arg2	"Student_95"
student_names_SN096	student_names.arg2	"Student_96"
student_names_SN097	student_names.arg2	"Student_97"
student_names_SN098	student_names.arg2	"Student_98"
student_names_SN099	student_names.arg2	"Student_99"
student_names_SN100	student_names.arg2	"Student_100"
students_S001	students.arg2	student_names_S001
students_S001	students.arg3	departments_S001
students_S002	students.arg2	student_names_S002
students_S002	students.arg3	departments_S002
students_S003	students.arg2	student_names_S003
students_S003	students.arg3	departments_S003
students_S004	students.arg2	student_names_S004
students_S004	students.arg3	departments_S004
students_S005	students.arg2	student_names_S005
students_S005	students.arg3	departments_S005
students_S006	students.arg2	student_names_S006
students_S006	students.arg3	departments_S006
students_S007	students.arg2	student_names_S007
students_S007	students.arg3	departments_S007
students_S008	students.arg2	student_names_S008
students_S008	students.arg3	departments_S008
students_S009	students.arg2	student_names_S009
students_S009	students.arg3	departments_S009
students_S010	students.arg2	student_names_S010
students_S010	students.arg3	departments_S010
students_S011	students.arg2	student_names_S011
students_S011	students.arg3	departments_S011
students_S012	students.arg2	student_names_S012
students_S012	students.arg3	departments_S012
students_S013	students.arg2	student_names_S013
students_S013	students.arg3	departments_S013
students_S014	students.arg2	student_names_S014
students_S014	students.arg3	departments_S014
students_S015	students.arg2	student_names_S015
students_S015	students.arg3	departments_S015
students_S016	students.arg2	student_names_S016
students_S016	students.arg3	departments_S016
students_S017	students.arg2	student_names_S017
students_S017	students.arg3	departments_S017
students_S018	students.arg2	student_names_S018
students_S018	students.arg3	departments_S018
students_S019	students.arg2	student_names_S019
students_S019	students.arg3	departments_S019
students_S020	students.arg2	student_names_S020
students_S020	students.arg3	departments_S020
students_S021	students.arg2	student_names_S021
students_S021	students.arg3	departments_S021
students_S022	students.arg2	student_names_S022
students_S022	students.arg3	departments_S022
students_S023	students.arg2	student_names_S023
students_S023	students.arg3	departments_S023
students_S024	students.arg2	student_names_S024
students_S024	students.arg3	departments_S024
students_S025	students.arg2	student_names_S025
students_S025	students.arg3	departments_S025
students_S026	students.arg2	student_names_S026
students_S026	students.arg3	departments_S026
students_S027	students.arg2	student_names_S027
students_S027	students.arg3	departments_S027
students_S028	students.arg2	student_names_S028
students_S028	students.arg3	departments_S028
students_S029	students.arg2	student_names_S029
students_S029	students.arg3	departments_S029
students_S030	students.arg2	student_names_S030
students_S030	students.arg3	departments_S030
students_S031	students.arg2	student_names_S031
students_S031	students.arg3	departments_S031
students_S032	students.arg2	student_names_S032
students_S032	students.arg3	departments_S032
students_S033	students.arg2	student_names_S033
students_S033	students.arg3	departments_S033
students_S034	students.arg2	student_names_S034
students_S034	students.arg3	departments_S034
students_S035	students.arg2	student_names_S035
students_S035	students.arg3	departments_S035
students_S036	students.arg2	student_names_S036
students_S036	students.arg3	departments_S036
students_S037	students.arg2	student_names_S037
students_S037	students.arg3	departments_S037
students_S038	students.arg2	student_names_S038
students_S038	students.arg3	departments_S038
students_S039	students.arg2	student_names_S039
students_S039	students.arg3	departments_S039
students_S040	students.arg2	student_names_S040
students_S040	students.arg3	departments_S040
students_S041	students.arg2	student_names_S041
students_S041	students.arg3	departments_S041
students_S042	students.arg2	student_names_S042
students_S042	students.arg3	departments_S042
students_S043	students.arg2	student_names_S043
students_S043	students.arg3	departments_S043
students_S044	students.arg2	student_names_S044
students_S044	students.arg3	departments_S044
students_S045	students.arg2	student_names_S045
students_S045	students.arg3	departments_S045
students_S046	students.arg2	student_names_S046
students_S046	students.arg3	departments_S046
students_S047	students.arg2	student_names_S047
students_S047	students.arg3	departments_S047
students_S048	students.arg2	student_names_S048
students_S048	students.arg3	departments_S048
students_S049	students.arg2	student_names_S049
students_S049	students.arg3	departments_S049
students_S050	students.arg2	student_names_S050
students_S050	students.arg3	departments_S050
students_S051	students.arg2	student_names_S051
students_S051	students.arg3	departments_S051
students_S052	students.arg2	student_names_S052
students_S052	students.arg3	departments_S052
students_S053	students.arg2	student_names_S053
students_S053	students.arg3	departments_S053
students_S054	students.arg2	student_names_S054
students_S054	students.arg3	departments_S054
students_S055	students.arg2	student_names_S055
students_S055	students.arg3	departments_S055
students_S056	students.arg2	student_names_S056
students_S056	students.arg3	departments_S056
students_S057	students.arg2	student_names_S057
students_S057	students.arg3	departments_S057
students_S058	students.arg2	student_names_S058
students_S058	students.arg3	departments_S058
students_S059	students.arg2	student_names_S059
students_S059	students.arg3	departments_S059
students_S060	students.arg2	student_names_S060
students_S060	students.arg3	departments_S060
students_S061	students.arg2	student_names_S061
students_S061	students.arg3	departments_S061
students_S062	students.arg2	student_names_S062
students_S062	students.arg3	departments_S062
students_S063	students.arg2	student_names_S063
students_S063	students.arg3	departments_S063
students_S064	students.arg2	student_names_S064
students_S064	students.arg3	departments_S064
students_S065	students.arg2	student_names_S065
students_S065	students.arg3	departments_S065
students_S066	students.arg2	student_names_S066
students_S066	students.arg3	departments_S066
students_S067	students.arg2	student_names_S067
students_S067	students.arg3	departments_S067
students_S068	students.arg2	student_names_S068
students_S068	students.arg3	departments_S068
students_S069	students.arg2	student_names_S069
students_S069	students.arg3	departments_S069
students_S070	students.arg2	student_names_S070
students_S070	students.arg3	departments_S070
students_S071	students.arg2	student_names_S071
students_S071	students.arg3	departments_S071
students_S072	students.arg2	student_names_S072
students_S072	students.arg3	departments_S072
students_S073	students.arg2	student_names_S073
students_S073	students.arg3	departments_S073
students_S074	students.arg2	student_names_S074
students_S074	students.arg3	departments_S074
students_S075	students.arg2	student_names_S075
students_S075	students.arg3	departments_S075
students_S076	students.arg2	student_names_S076
students_S076	students.arg3	departments_S076
students_S077	students.arg2	student_names_S077
students_S077	students.arg3	departments_S077
students_S078	students.arg2	student_names_S078
students_S078	students.arg3	departments_S078
students_S079	students.arg2	student_names_S079
students_S079	students.arg3	departments_S079
students_S080	students.arg2	student_names_S080
students_S080	students.arg3	departments_S080
students_S081	students.arg2	student_names_S081
students_S081	students.arg3	departments_S081
students_S082	students.arg2	student_names_S082
students_S082	students.arg3	departments_S082
students_S083	students.arg2	student_names_S083
students_S083	students.arg3	departments_S083
students_S084	students.arg2	student_names_S084
students_S084	students.arg3	departments_S084
students_S085	students.arg2	student_names_S085
students_S085	students.arg3	departments_S085
students_S086	students.arg2	student_names_S086
students_S086	students.arg3	departments_S086
students_S087	students.arg2	student_names_S087
students_S087	students.arg3	departments_S087
students_S088	students.arg2	student_names_S088
students_S088	students.arg3	departments_S088
students_S089	students.arg2	student_names_S089
students_S089	students.arg3	departments_S089
students_S090	students.arg2	student_names_S090
students_S090	students.arg3	departments_S090
students_S091	students.arg2	student_names_S091
students_S091	students.arg3	departments_S091
students_S092	students.arg2	student_names_S092
students_S092	students.arg3	departments_S092
students_S093	students.arg2	student_names_S093
students_S093	students.arg3	departments_S093
students_S094	students.arg2	student_names_S094
students_S094	students.arg3	departments_S094
students_S095	students.arg2	student_names_S095
students_S095	students.arg3	departments_S095
students_S096	students.arg2	student_names_S096
students_S097	students.arg2	student_names_S097
students_S098	students.arg2	student_names_S098
students_S099	students.arg2	student_names_S099
students_S100	students.arg2	student_names_S100
